user_id,user_name,gender,City,join_date
1,Rubina Ebben,Female,Paris,31-01-2024
2,Laurette Thomkins,Female,Saldanha,29-06-2024
3,Darcie Rosenstengel,Female,Saint Racmy De Provence,21-01-2023
4,Cori Jirek,Male,Funchal,23-02-2023
5,Casar Kleinhaut,Male,Vila Nova De Milfontes,13-12-2023
6,Tadd Beech,Male,Kota Kinabalu,25-07-2024
7,Ailene Summerson,Female,Kruja,17-06-2023
8,Levey Corballis,Male,Demuk,09-04-2024
9,Gloriane Richel,Female,Uwajima,20-05-2023
10,Raynell Yell,Female,Sydney,20-01-2024
11,Pamelina Worthington,Female,Tanglag,18-10-2023
12,Portie Goldstein,Male,Citalahab,20-04-2024
13,Thedric Carl,Male,Poiares,05-08-2024
14,Kerry Marques,Male,Pa Sang,26-09-2023
15,Elie Formigli,Female,Chishmy,30-01-2023
16,Brittni Spellward,Female,Xianning,11-05-2023
17,Hector Harnell,Male,Velyki Kopany,09-07-2024
18,Brynn Crop,Female,Duanjia,25-07-2024
19,Hayyim Blakes,Male,Baltasar Brum,02-02-2024
20,Syd Vassar,Male,Kristianstad,09-01-2024
21,Sigvard Guild,Male,General Luna,27-03-2024
22,Blaine Brasseur,Male,Niitsu Honcha,24-09-2024
23,Cammy Vickery,Male,Jerada,20-05-2023
24,Lilla Saich,Female,Daji,16-10-2024
25,Martyn O' Faherty,Male,Ash Shajarah,04-11-2023
26,Olia Seabon,Female,Deqing,03-04-2024
27,Berri Mynett,Female,Algarvia,12-06-2023
28,Dulcia Fullalove,Female,Fatubia,15-09-2023
29,Elysia Happer,Female,Qingshui,12-03-2023
30,Marcy Garn,Female,Phra Nakhon Si Ayutthaya,17-10-2024
31,Janek Sorrel,Male,Sananduva,01-09-2024
32,Lilas Kerton,Female,Petaling Jaya,24-07-2023
33,Lonnie Howieson,Female,Kotkot,17-09-2023
34,Leopold Campaigne,Male,Sandata,21-03-2024
35,Bobette Berthouloume,Female,Ma Nster,22-09-2024
36,Adair Croxton,Male,Pico Truncado,03-09-2023
37,Foster Oddboy,Male,Zhaizigou,02-12-2024
38,Lincoln Gammett,Male,Qadsa Ya,04-11-2024
39,Katha McReidy,Female,Jaguaquara,10-10-2023
40,Cosmo Eversfield,Male,Avelar,15-01-2024
41,Lonna Elloway,Female,Quinta Dos Frades,15-02-2023
42,Erin Francomb,Female,Hanji,02-01-2024
43,Shamus Maltman,Male,Caasapava Do Sul,23-05-2023
44,Ariel Manford,Male,Songea,07-08-2023
45,Carley Caltera,Female,Mara­A La Baja,26-02-2023
46,Pet Fisk,Female,Kalatongke,31-10-2024
47,Wallis Dyhouse,Female,Ubrub,03-05-2024
48,Lovell Chellam,Male,Uryupinsk,13-10-2024
49,Jarrad Viste,Male,Carrasqueira,22-04-2023
50,Nolan Fettis,Male,Yasnogorsk,09-09-2024
51,Marlie Miliffe,Female,Pinrang,17-02-2024
52,Ami Gadson,Female,Al JahraAe,30-11-2023
53,Martyn Klehyn,Male,Limoeiro,01-05-2023
54,Melanie Cultcheth,Female,Eschweiler,18-08-2023
55,Paige Dudmesh,Male,Pokrovo Prigorodnoye,14-11-2023
56,Joseph Nightingale,Male,Vinha,30-08-2024
57,Halie Tuhy,Female,Domampot,31-03-2024
58,Obed Marquis,Male,Quiriquire,15-11-2023
59,Malchy Rickerd,Male,Kitakata,20-08-2023
60,Lisbeth von Nassau,Female,Qohord E BaLa,25-07-2024
61,Muffin Guesford,Male,Wanaean,10-08-2024
62,Carlita Curnnokk,Female,Morazain,13-06-2024
63,Viv Hancorn,Female,Suren,08-02-2023
64,Genovera Croker,Female,Ar Raqqah,03-04-2024
65,Henderson Latham,Male,Haliut,13-12-2023
66,Jedd Tupie,Male,Rebro,11-08-2023
67,Amargo Scorer,Female,Odiong,08-09-2024
68,Brock Semechik,Male,Utsunomiya Shi,25-09-2023
69,Flemming Burrett,Male,Gazimurskiy Zavod,08-02-2024
70,Julius Seywood,Male,Vathalakkos,28-03-2024
71,Borden Bragginton,Male,EslaMaBaD,01-03-2023
72,Anton Glennard,Male,Sa Azirwaac,19-08-2024
73,Ardella Eliot,Female,Ranninge,30-05-2024
74,Kirsteni Polley,Female,Non Narai,19-11-2023
75,Bunny Robillard,Female,Damaturu,11-10-2024
76,Stoddard Hampe,Female,Dolna­  Dunajovice,27-05-2023
77,Laurent Bartolic,Male,Nachiti,26-07-2023
78,Dave Swaisland,Male,Kandangan,03-07-2023
79,Ibrahim Nairne,Male,Timray,23-06-2023
80,Karalynn Sammes,Female,Koktokay,08-06-2024
81,Jedidiah Hargreaves,Male,Uddevalla,07-02-2024
82,Leshia Kyston,Female,Baoshan,13-08-2023
83,Maria Fraschetti,Female,Obrera,25-12-2023
84,Lucky Lovejoy,Female,Oakland,24-09-2023
85,Barty Breckon,Male,Sukorejo,15-02-2023
86,Prent Beddon,Male,Solna,02-10-2023
87,Deloris Fawcus,Female,Pugeran,05-11-2023
88,Peria De Wolfe,Female,Oslo,29-10-2023
89,Deb Sphinxe,Female,Jarry,28-12-2024
90,Gray Douglas,Male,Takikawa,13-12-2023
91,Paulie Domenget,Male,Usarin,08-01-2023
92,Orin Greenly,Male,Bang Kruai,01-05-2024
93,Annabal Baudrey,Female,Mrzezino,15-07-2023
94,Lester Schurcke,Male,Pacet,13-02-2023
95,Allsun Markussen,Female,Orzech,28-04-2023
96,Daren Braz,Male,Yuci,29-04-2024
97,Maighdiln Yapp,Female,Qinghaihu,23-08-2024
98,Hadrian Perri,Male,Uherska Brod,01-07-2024
99,Grete Speakman,Female,Balibagan Oeste,19-10-2023
100,Rozamond Pegden,Female,Pousada,22-07-2024
101,Kermit Mullin,Male,Gudauta,18-06-2023
102,Derril Gurrado,Male,Horna­ Suchai,06-03-2023
103,Nerissa Queyos,Female,Rabaul,06-02-2023
104,Cornelia Clancey,Female,Calasada,09-11-2024
105,Gilberto Marval,Male,Labinot Mal,07-04-2024
106,Burton Rengger,Male,Ermida,29-03-2023
107,Jakob Formoy,Male,Sanhe,16-06-2024
108,Raymond Southerden,Male,Banjarsari,17-02-2024
109,Bordie Shalcras,Male,Vannes,31-07-2024
110,Siffre Dahlen,Male,Kaiyun,15-03-2023
111,Zia Lakin,Female,Tampakan,25-07-2023
112,Lonny Alelsandrovich,Male,Registro,02-10-2024
113,Laverna Pucker,Female,Tobol,05-11-2024
114,Breena Shearsby,Female,Milano,12-12-2023
115,George Iiannoni,Female,Nekla,06-01-2023
116,Rickert Chucks,Male,Ala Buka,26-10-2024
117,Rikki Blackie,Female,Maukaro,21-03-2023
118,Devonna Neave,Female,Dahe,23-08-2023
119,Ker Brotherhed,Male,Garland,27-01-2024
120,Tyler Corwin,Male,North Shore,17-02-2023
121,Myca Wreford,Male,Chaplygin,24-04-2023
122,Rhett Hovenden,Male,Simaµes Filho,30-08-2023
123,Minor Tidbold,Male,Platagata,24-10-2023
124,Twyla Farquarson,Female,Shtip,17-01-2024
125,Dicky Durdan,Male,Krathum Baen,05-05-2023
126,Aldo Clover,Male,Honiara,27-11-2024
127,Elka Godbehere,Female,Charleston,13-11-2024
128,Mayor Hailey,Male,AnaR Darah,16-01-2024
129,Fleur Haker,Female,Daga,13-07-2023
130,Celeste Brinkler,Female,Washington,09-03-2024
131,Saw Birkby,Male,Vorzelae,13-02-2023
132,Marsiella McBean,Female,Lisovi Sorochyntsi,14-11-2024
133,Lyndell Jeaycock,Female,Xinba,16-08-2023
134,Emeline Jeaycock,Female,Miaoqian,06-03-2023
135,Doloritas Lochran,Female,Kaducondong,20-08-2023
136,Codi Petrashkov,Female,Youssoufia,30-05-2024
137,Farand Petry,Female,Heqing,30-06-2024
138,Filbert Dobbings,Male,Norberg,15-11-2024
139,Mano Korfmann,Male,Aguisan,22-07-2023
140,Valeria De Gowe,Female,Kembang,30-04-2024
141,Horton Gregorin,Male,Yongtai,22-12-2024
142,Johnathon Garnson,Male,Babakanjaya,09-12-2024
143,Martino Wimpey,Male,Zhengdonglu,09-05-2024
144,Tabby McBoyle,Female,Grindava­K,31-10-2024
145,Adolphus Pallant,Male,Oebatu,01-08-2023
146,Roldan De Roberto,Male,San Rafael Abajo,22-03-2024
147,Jo Duffan,Female,Chandal BaAea,24-06-2024
148,Laureen Zanettini,Female,Natarleba,05-05-2023
149,Dasya Morris,Female,Oslo,12-01-2023
150,Pablo Vosper,Male,David,17-12-2023
151,Olivia Grewe,Female,Wasquehal,26-12-2023
152,Elfrida Elders,Female,Itapecerica Da Serra,15-06-2023
153,Sioux Bloys,Female,Ush Tyube,26-06-2024
154,Godwin Stickings,Male,Kha­Jand,25-08-2024
155,Rad Skae,Male,Hidalgo,10-11-2024
156,Erhard Mendez,Male,Sanxixiang,04-03-2024
157,Franky Madre,Male,Huifa,05-12-2023
158,Piggy Manketell,Male,Biruina,20-12-2024
159,Daryle Butterworth,Male,Ashton,23-03-2024
160,Zonnya McPhillimey,Female,Esperanza,15-09-2024
161,Adrian Skittle,Male,Miaoling,09-10-2024
162,Waylen Griss,Male,Bana Zayd,03-09-2023
163,Inigo Rains,Male,Schieren,18-06-2023
164,Raf Stanislaw,Female,Nova  ,20-01-2023
165,Gabriel Cervantes,Female,Kuala Terengganu,03-07-2024
166,Jehu Brigge,Male,Chaos,11-03-2023
167,Alick Portchmouth,Male,Jaguaquara,12-10-2024
168,Jaclyn Cavell,Female,Hoasisht,06-09-2023
169,Maryann MacMorland,Female,Sijiqing,24-05-2024
170,Rudolph Szubert,Male,Mariestad,29-04-2023
171,Loraine Mateus,Female,Masoli,18-08-2024
172,Adiana Titmus,Female,Alak,10-04-2023
173,Dede Plunket,Female,Hejiaping,22-05-2024
174,Dieter Shillum,Male,Nueva Germania,29-08-2023
175,Cory Gipp,Male,Jinsha,23-11-2023
176,Domini Reddick,Female,Xiangfu,04-03-2024
177,Winni Train,Female,Huaishu,17-09-2024
178,Toiboid Suller,Male,Seremban,12-01-2023
179,Boote Bungey,Male,Matsuta,02-04-2024
180,Dierdre Gribbin,Female,Nefta,18-10-2023
181,Grace Withams,Female,Vyazaema,17-04-2023
182,Denver Marwick,Male,Totoral,06-05-2023
183,Maison Oleksiak,Male,Molepolole,22-10-2023
184,Paola Leatt,Female,Paris ,20-11-2023
185,Selby Dunkersley,Male,La Poma,28-08-2024
186,Ede Martynikhin,Female,Krasnyy Lyman,15-06-2023
187,Bendite Courtes,Female,Massy,05-05-2024
188,Welby Arnoldi,Male,Seaforth,08-10-2024
189,Matteo Scatchar,Male,Stockholm,14-04-2023
190,Cobby Lobley,Male,Garanhuns,10-11-2024
191,Trixy Meadmore,Female,Stockholm,07-03-2024
192,Esme Flemyng,Male,Frederico Westphalen,09-05-2023
193,Donnell Pennone,Male,Jinchang,03-04-2023
194,Karina Gopsall,Female,Chelgard,11-02-2023
195,Latia Laviss,Female,Sumberjeruk,28-09-2024
196,Mirna Reynault,Female,Caijiang,03-12-2024
197,Peggie Claussen,Female,Meizhou,09-03-2023
198,Lanny Dorrell,Female,Parabon,09-11-2023
199,Heddi Castagneto,Female,Vitaria De Santo Antao,19-04-2023
200,Georg Vittery,Male,Carbajales,04-04-2024
201,Muriel Gerhardt,Female,San Fernando Del Valle De Catamarca,02-02-2024
202,Cad Marquis,Male,Jinli,27-11-2024
203,Wynny Durrans,Female,Lipljan,06-08-2024
204,Jackie Wain,Female,Muricay,22-05-2024
205,Nickolaus Peyntue,Male,Akashi,24-09-2024
206,Keri Shawl,Female,Al Wudayae,09-09-2023
207,Diana Dubber,Female,Lilla Edet,10-08-2024
208,Rycca Board,Female,Longaean Chengxiangzhen,19-06-2024
209,Lucille Haugh,Female,Noeltoko,18-02-2024
210,Loella Mahedy,Female,Taraai,25-09-2024
211,Adora Cattle,Female,Bakadagy,17-08-2023
212,Benito Diperaus,Male,Torsby,24-04-2023
213,Winifield Jarvie,Male,Taiyanghe,21-04-2023
214,Trenna Bennett,Female,Muheza,25-04-2023
215,Gerianna Jilliss,Female,Shatian,04-07-2023
216,Joby Cords,Female,Gaoping,29-04-2024
217,Nikolaos Wrey,Male,Cova Da Iria,21-06-2023
218,Constantia Fagan,Female,Babakanloa,25-01-2024
219,Haleigh Raith,Female,Adelaide Mail Centre,15-05-2024
220,Noel O'Hannay,Male,Lianghe,22-08-2023
221,Free Annwyl,Male,Ponte,01-09-2023
222,Hatti Flott,Female,Ghazni,25-12-2024
223,Dannye Greed,Female,Santa Bairbara,07-10-2024
224,Dawn Sugg,Female,Ampelgading,07-04-2024
225,Hermie Lodwig,Male,Namysaaw,13-05-2023
226,Francoise Keattch,Female,Soras,18-06-2024
227,Rachelle Joynson,Female,Kayl,28-05-2023
228,Dominik Kinforth,Male,Coaraci,23-05-2023
229,Joe Byforth,Male,Miguel Hidalgo,02-11-2024
230,Gertrude Verrico,Female,Hava­Aov,28-04-2024
231,Lorenza Harsent,Female,Wujiao,05-12-2023
232,Mozes Elintune,Male,Tianjiazhai,24-12-2023
233,Odelia Brobak,Female,Gaotaizi,21-12-2023
234,Lorita Lamont,Female,Fergana,17-09-2024
235,Keir Chilcott,Male,Cibinong,18-06-2023
236,Myrvyn Ianno,Male,Sanhe,04-02-2023
237,Adena Ormston,Female,Toulouse,22-10-2024
238,Isobel Malsher,Female,Yingcui,20-07-2023
239,Freeman Nawton,Male,Banjar Penyalin,12-08-2023
240,Terrel Dawson,Male,Galubakul,12-01-2024
241,Ted Alven,Female,Sidomulyo,27-12-2024
242,Sam Dowding,Male,Spaynga,26-08-2024
243,Kym Roggieri,Female,Aulnay Sous Bois,07-05-2023
244,Ase Wellbank,Male,Newton,30-01-2024
245,Stevy Aiers,Male,Pavoa De Santo Antanio,01-10-2023
246,Sanderson Stower,Male,Yeysk,20-12-2023
247,Kenyon Goulding,Male,TaGane,17-06-2023
248,Ben Amorine,Male,Sebulu,03-04-2023
249,Cal Scothorne,Male,Xylagana­,26-04-2024
250,Phillie Maunder,Female,Liushi,18-08-2024
251,Wendell Franiak,Male,Waco,06-01-2023
252,Danit Seymer,Female,Horna­ Cerekev,18-01-2024
253,Gleda Wonham,Female,Chixi,26-10-2024
254,Hamlen Regardsoe,Male,Huaping,27-11-2023
255,Salvador Blinco,Male,Taiyigong,16-08-2024
256,Janene O'Harney,Female,Liulin,23-03-2024
257,Avrit Torrisi,Female,Yigo Village,07-05-2023
258,Cherrita Mansuer,Female,Belfort,15-10-2024
259,Broddy Strut,Male,Mingyihe,14-09-2024
260,Ollie Fowlestone,Male,Bugembe,07-02-2024
261,Myrvyn Pratley,Male,Al Juma  ,14-05-2024
262,Nesta Paulack,Female,Halle,28-05-2023
263,Burnaby Lacknor,Male,Yuncheng,30-01-2024
264,Elana Langhor,Female,Quelimane,27-02-2024
265,Andree Suero,Female,Xinshi,26-01-2023
266,Brion Dufoure,Male,Duas Igrejas,04-01-2024
267,Isabel Trevers,Female,Baturyn,27-06-2024
268,Mercedes Hindsberg,Female,Via Ani,29-04-2023
269,Lisabeth Bosma,Female,Yashiro,07-06-2023
270,Hollie Alebrooke,Female,Changjiangbu,23-10-2023
271,Skell Fenning,Male,Kassel,12-01-2023
272,Loree Jeduch,Female,Soko,05-04-2024
273,Rolf Cadalleder,Male,Gaba,20-06-2024
274,Weider Wormleighton,Male,Tayginka,27-04-2023
275,Liana Burtwell,Female,Shejiang,26-01-2023
276,Joanie Dunsmuir,Female,Shiquan,14-03-2024
277,Arluene Gilham,Female,Huangjin,23-03-2024
278,Tani Arthey,Female,Zaoty Stok,23-06-2024
279,Alyssa Kydd,Female,Cukangpanjang,24-04-2023
280,Joel Torritti,Male,Berlin,07-09-2023
281,Grantley Hourahan,Male,Dardhas,13-01-2023
282,Felice Munro,Male,Azovo,21-06-2023
283,Sonni Sparhawk,Female,Zhdanov,12-11-2023
284,Cecily Alasdair,Female,Wachira Barami,22-12-2024
285,Grenville Sedgeworth,Male,Sonquil,01-11-2023
286,Gerrie Aggio,Male,Made,02-09-2023
287,Katalin Micheu,Female,Sagua La Grande,25-01-2023
288,Duke Hemms,Male,Hongqi,10-04-2023
289,Edie Manclark,Female,Kota Kinabalu,02-08-2024
290,Dorris Wellings,Female,Al Bahla La Yah,19-12-2023
291,Mallory Kinset,Female,Pingtan,02-05-2024
292,Benjamin Budnk,Male,Emiliano Zapata,12-09-2024
293,Farly Caress,Male,Nowe Warpno,01-04-2024
294,Clementina Faire,Female,Zayta,16-10-2023
295,Gerik Miquelet,Male,Klau,09-11-2023
296,Rosette Budge,Female,Santo Antanio Do Monte,14-04-2024
297,Phineas Kevis,Male,Los Pinos,03-06-2023
298,Susy Ferenczy,Female,Nerapolis,14-07-2024
299,Guglielmo Shrimplin,Male,Taihe,24-04-2023
300,Ardis Izkoveski,Female,Casalinho,19-12-2023
